INSERT INTO ACT (actid, actname, genre, standardfee) VALUES(1,'QLS','Music',11000);
INSERT INTO ACT (actid, actname, genre, standardfee) VALUES(2,'The Where','Music',4000);
INSERT INTO ACT (actid, actname, genre, standardfee) VALUES(3,'Join Division','Music',9000);
INSERT INTO ACT (actid, actname, genre, standardfee) VALUES(4,'The Selecter','Music',5000);
INSERT INTO ACT (actid, actname, genre, standardfee) VALUES(5,'Scalar Swift','Music',11000);
INSERT INTO ACT (actid, actname, genre, standardfee) VALUES(6,'ViewBee 40','Music',6000);
INSERT INTO VENUE (venueid, venuename, hirecost, capacity) VALUES (1,'Big Hall',6000,19);
INSERT INTO VENUE (venueid, venuename, hirecost, capacity) VALUES (2,'Arts Centre Theatre',20000,14);
INSERT INTO VENUE (venueid, venuename, hirecost, capacity) VALUES (3,'City Hall',3000,3);
INSERT INTO VENUE (venueid, venuename, hirecost, capacity) VALUES (4,'Village Green',17000,13);
INSERT INTO VENUE (venueid, venuename, hirecost, capacity) VALUES (5,'Village Hall',17000,13);
INSERT INTO VENUE (venueid, venuename, hirecost, capacity) VALUES (6,'Cinema',17000,11);
INSERT INTO VENUE (venueid, venuename, hirecost, capacity) VALUES (7,'Symphony Hall',4000,10);
INSERT INTO VENUE (venueid, venuename, hirecost, capacity) VALUES (8,'Town Hall',1000,4);
INSERT INTO GIG (gigid, venueid, gigtitle, gigdatetime, gigstatus) VALUES (1,7,'Test title','2019-03-10 19:00','GoingAhead');
INSERT INTO ACT_GIG (actid, gigid, actgigfee, ontime, duration) VALUES(2,1,4000,'2019-03-10 19:00',70);
INSERT INTO GIG_TICKET (gigid, pricetype, price) VALUES(1,'A',40);
INSERT INTO GIG (gigid, venueid, gigtitle, gigdatetime, gigstatus) VALUES (2,2,'Test title','2016-12-12 18:00','GoingAhead');
INSERT INTO ACT_GIG (actid, gigid, actgigfee, ontime, duration) VALUES(2,2,4000,'2016-12-12 18:00',80);
INSERT INTO ACT_GIG (actid, gigid, actgigfee, ontime, duration) VALUES(6,2,6000,'2016-12-12 19:35',20);
INSERT INTO GIG_TICKET (gigid, pricetype, price) VALUES(2,'A',40);
INSERT INTO GIG (gigid, venueid, gigtitle, gigdatetime, gigstatus) VALUES (3,2,'Test title','2016-09-04 19:00','GoingAhead');
INSERT INTO ACT_GIG (actid, gigid, actgigfee, ontime, duration) VALUES(3,3,9000,'2016-09-04 19:00',30);
INSERT INTO ACT_GIG (actid, gigid, actgigfee, ontime, duration) VALUES(2,3,4000,'2016-09-04 19:35',20);
INSERT INTO GIG_TICKET (gigid, pricetype, price) VALUES(3,'A',40);
INSERT INTO GIG (gigid, venueid, gigtitle, gigdatetime, gigstatus) VALUES (4,5,'Test title','2020-06-10 20:00','GoingAhead');
INSERT INTO ACT_GIG (actid, gigid, actgigfee, ontime, duration) VALUES(3,4,9000,'2020-06-10 20:00',60);
INSERT INTO GIG_TICKET (gigid, pricetype, price) VALUES(4,'A',40);
INSERT INTO GIG (gigid, venueid, gigtitle, gigdatetime, gigstatus) VALUES (5,6,'Test title','2017-04-22 19:00','GoingAhead');
INSERT INTO ACT_GIG (actid, gigid, actgigfee, ontime, duration) VALUES(3,5,9000,'2017-04-22 19:00',20);
INSERT INTO GIG_TICKET (gigid, pricetype, price) VALUES(5,'A',40);
INSERT INTO GIG (gigid, venueid, gigtitle, gigdatetime, gigstatus) VALUES (6,1,'Test title','2020-02-15 19:00','GoingAhead');
INSERT INTO ACT_GIG (actid, gigid, actgigfee, ontime, duration) VALUES(4,6,5000,'2020-02-15 19:00',60);
INSERT INTO ACT_GIG (actid, gigid, actgigfee, ontime, duration) VALUES(4,6,5000,'2020-02-15 20:05',70);
INSERT INTO GIG_TICKET (gigid, pricetype, price) VALUES(6,'A',40);
INSERT INTO GIG (gigid, venueid, gigtitle, gigdatetime, gigstatus) VALUES (7,5,'Test title','2019-07-09 20:00','GoingAhead');
INSERT INTO ACT_GIG (actid, gigid, actgigfee, ontime, duration) VALUES(1,7,11000,'2019-07-09 20:00',80);
INSERT INTO ACT_GIG (actid, gigid, actgigfee, ontime, duration) VALUES(6,7,6000,'2019-07-09 21:30',60);
INSERT INTO ACT_GIG (actid, gigid, actgigfee, ontime, duration) VALUES(2,7,4000,'2019-07-09 22:35',20);
INSERT INTO GIG_TICKET (gigid, pricetype, price) VALUES(7,'A',40);
INSERT INTO GIG (gigid, venueid, gigtitle, gigdatetime, gigstatus) VALUES (8,4,'Test title','2017-06-27 19:00','GoingAhead');
INSERT INTO ACT_GIG (actid, gigid, actgigfee, ontime, duration) VALUES(3,8,9000,'2017-06-27 19:00',40);
INSERT INTO GIG_TICKET (gigid, pricetype, price) VALUES(8,'A',40);
INSERT INTO GIG (gigid, venueid, gigtitle, gigdatetime, gigstatus) VALUES (9,3,'Test title','2019-06-21 19:00','GoingAhead');
INSERT INTO ACT_GIG (actid, gigid, actgigfee, ontime, duration) VALUES(2,9,4000,'2019-06-21 19:00',80);
INSERT INTO ACT_GIG (actid, gigid, actgigfee, ontime, duration) VALUES(5,9,11000,'2019-06-21 20:25',70);
INSERT INTO ACT_GIG (actid, gigid, actgigfee, ontime, duration) VALUES(4,9,5000,'2019-06-21 21:45',50);
INSERT INTO GIG_TICKET (gigid, pricetype, price) VALUES(9,'A',40);
INSERT INTO GIG (gigid, venueid, gigtitle, gigdatetime, gigstatus) VALUES (10,4,'Test title','2018-04-28 20:00','GoingAhead');
INSERT INTO ACT_GIG (actid, gigid, actgigfee, ontime, duration) VALUES(1,10,11000,'2018-04-28 20:00',20);
INSERT INTO ACT_GIG (actid, gigid, actgigfee, ontime, duration) VALUES(5,10,11000,'2018-04-28 20:30',40);
INSERT INTO GIG_TICKET (gigid, pricetype, price) VALUES(10,'A',40);
INSERT INTO GIG (gigid, venueid, gigtitle, gigdatetime, gigstatus) VALUES (11,6,'Test title','2020-07-20 20:00','GoingAhead');
INSERT INTO ACT_GIG (actid, gigid, actgigfee, ontime, duration) VALUES(5,11,11000,'2020-07-20 20:00',50);
INSERT INTO ACT_GIG (actid, gigid, actgigfee, ontime, duration) VALUES(2,11,4000,'2020-07-20 21:00',70);
INSERT INTO GIG_TICKET (gigid, pricetype, price) VALUES(11,'A',40);
INSERT INTO GIG (gigid, venueid, gigtitle, gigdatetime, gigstatus) VALUES (12,2,'Test title','2017-04-23 18:00','GoingAhead');
INSERT INTO ACT_GIG (actid, gigid, actgigfee, ontime, duration) VALUES(5,12,11000,'2017-04-23 18:00',30);
INSERT INTO GIG_TICKET (gigid, pricetype, price) VALUES(12,'A',40);
INSERT INTO GIG (gigid, venueid, gigtitle, gigdatetime, gigstatus) VALUES (13,2,'Test title','2018-05-02 20:00','GoingAhead');
INSERT INTO ACT_GIG (actid, gigid, actgigfee, ontime, duration) VALUES(1,13,11000,'2018-05-02 20:00',20);
INSERT INTO GIG_TICKET (gigid, pricetype, price) VALUES(13,'A',40);
INSERT INTO GIG (gigid, venueid, gigtitle, gigdatetime, gigstatus) VALUES (14,8,'Test title','2017-04-18 20:00','GoingAhead');
INSERT INTO ACT_GIG (actid, gigid, actgigfee, ontime, duration) VALUES(1,14,11000,'2017-04-18 20:00',20);
INSERT INTO ACT_GIG (actid, gigid, actgigfee, ontime, duration) VALUES(2,14,4000,'2017-04-18 20:20',70);
INSERT INTO ACT_GIG (actid, gigid, actgigfee, ontime, duration) VALUES(1,14,11000,'2017-04-18 21:35',60);
INSERT INTO ACT_GIG (actid, gigid, actgigfee, ontime, duration) VALUES(1,14,11000,'2017-04-18 22:50',50);
INSERT INTO GIG_TICKET (gigid, pricetype, price) VALUES(14,'A',40);
INSERT INTO GIG (gigid, venueid, gigtitle, gigdatetime, gigstatus) VALUES (15,5,'Test title','2019-05-25 19:00','GoingAhead');
INSERT INTO ACT_GIG (actid, gigid, actgigfee, ontime, duration) VALUES(6,15,6000,'2019-05-25 19:00',70);
INSERT INTO ACT_GIG (actid, gigid, actgigfee, ontime, duration) VALUES(6,15,6000,'2019-05-25 20:20',40);
INSERT INTO ACT_GIG (actid, gigid, actgigfee, ontime, duration) VALUES(4,15,5000,'2019-05-25 21:00',30);
INSERT INTO ACT_GIG (actid, gigid, actgigfee, ontime, duration) VALUES(5,15,11000,'2019-05-25 21:45',70);
INSERT INTO GIG_TICKET (gigid, pricetype, price) VALUES(15,'A',40);
INSERT INTO GIG (gigid, venueid, gigtitle, gigdatetime, gigstatus) VALUES (16,1,'Test title','2018-08-04 19:00','GoingAhead');
INSERT INTO ACT_GIG (actid, gigid, actgigfee, ontime, duration) VALUES(6,16,6000,'2018-08-04 19:00',30);
INSERT INTO GIG_TICKET (gigid, pricetype, price) VALUES(16,'A',40);
INSERT INTO GIG (gigid, venueid, gigtitle, gigdatetime, gigstatus) VALUES (17,8,'Test title','2016-08-22 19:00','GoingAhead');
INSERT INTO ACT_GIG (actid, gigid, actgigfee, ontime, duration) VALUES(1,17,11000,'2016-08-22 19:00',50);
INSERT INTO GIG_TICKET (gigid, pricetype, price) VALUES(17,'A',40);
INSERT INTO GIG (gigid, venueid, gigtitle, gigdatetime, gigstatus) VALUES (18,8,'Test title','2016-09-12 20:00','GoingAhead');
INSERT INTO ACT_GIG (actid, gigid, actgigfee, ontime, duration) VALUES(4,18,5000,'2016-09-12 20:00',70);
INSERT INTO GIG_TICKET (gigid, pricetype, price) VALUES(18,'A',40);
INSERT INTO GIG (gigid, venueid, gigtitle, gigdatetime, gigstatus) VALUES (19,7,'Test title','2017-09-12 20:00','GoingAhead');
INSERT INTO ACT_GIG (actid, gigid, actgigfee, ontime, duration) VALUES(4,19,5000,'2017-09-12 20:00',30);
INSERT INTO GIG_TICKET (gigid, pricetype, price) VALUES(19,'A',40);
INSERT INTO GIG (gigid, venueid, gigtitle, gigdatetime, gigstatus) VALUES (20,1,'Test title','2017-11-04 18:00','GoingAhead');
INSERT INTO ACT_GIG (actid, gigid, actgigfee, ontime, duration) VALUES(4,20,5000,'2017-11-04 18:00',50);
INSERT INTO ACT_GIG (actid, gigid, actgigfee, ontime, duration) VALUES(1,20,11000,'2017-11-04 19:00',70);
INSERT INTO GIG_TICKET (gigid, pricetype, price) VALUES(20,'A',40);
INSERT INTO GIG (gigid, venueid, gigtitle, gigdatetime, gigstatus) VALUES (21,2,'Test title','2019-09-07 18:00','GoingAhead');
INSERT INTO ACT_GIG (actid, gigid, actgigfee, ontime, duration) VALUES(2,21,4000,'2019-09-07 18:00',30);
INSERT INTO ACT_GIG (actid, gigid, actgigfee, ontime, duration) VALUES(4,21,5000,'2019-09-07 18:40',70);
INSERT INTO ACT_GIG (actid, gigid, actgigfee, ontime, duration) VALUES(6,21,6000,'2019-09-07 20:00',20);
INSERT INTO GIG_TICKET (gigid, pricetype, price) VALUES(21,'A',40);
INSERT INTO GIG (gigid, venueid, gigtitle, gigdatetime, gigstatus) VALUES (22,4,'Test title','2020-05-14 19:00','GoingAhead');
INSERT INTO ACT_GIG (actid, gigid, actgigfee, ontime, duration) VALUES(6,22,6000,'2020-05-14 19:00',40);
INSERT INTO ACT_GIG (actid, gigid, actgigfee, ontime, duration) VALUES(6,22,6000,'2020-05-14 19:40',30);
INSERT INTO ACT_GIG (actid, gigid, actgigfee, ontime, duration) VALUES(4,22,5000,'2020-05-14 20:25',20);
INSERT INTO ACT_GIG (actid, gigid, actgigfee, ontime, duration) VALUES(1,22,11000,'2020-05-14 21:00',30);
INSERT INTO GIG_TICKET (gigid, pricetype, price) VALUES(22,'A',40);
INSERT INTO GIG (gigid, venueid, gigtitle, gigdatetime, gigstatus) VALUES (23,4,'Test title','2017-04-19 20:00','GoingAhead');
INSERT INTO ACT_GIG (actid, gigid, actgigfee, ontime, duration) VALUES(6,23,6000,'2017-04-19 20:00',80);
INSERT INTO ACT_GIG (actid, gigid, actgigfee, ontime, duration) VALUES(2,23,4000,'2017-04-19 21:30',50);
INSERT INTO ACT_GIG (actid, gigid, actgigfee, ontime, duration) VALUES(4,23,5000,'2017-04-19 22:30',60);
INSERT INTO GIG_TICKET (gigid, pricetype, price) VALUES(23,'A',40);
INSERT INTO GIG (gigid, venueid, gigtitle, gigdatetime, gigstatus) VALUES (24,2,'Test title','2019-04-26 18:00','GoingAhead');
INSERT INTO ACT_GIG (actid, gigid, actgigfee, ontime, duration) VALUES(1,24,11000,'2019-04-26 18:00',60);
INSERT INTO GIG_TICKET (gigid, pricetype, price) VALUES(24,'A',40);
INSERT INTO GIG (gigid, venueid, gigtitle, gigdatetime, gigstatus) VALUES (25,6,'Test title','2020-02-13 19:00','GoingAhead');
INSERT INTO ACT_GIG (actid, gigid, actgigfee, ontime, duration) VALUES(6,25,6000,'2020-02-13 19:00',20);
INSERT INTO ACT_GIG (actid, gigid, actgigfee, ontime, duration) VALUES(5,25,11000,'2020-02-13 19:30',50);
INSERT INTO GIG_TICKET (gigid, pricetype, price) VALUES(25,'A',40);
INSERT INTO GIG (gigid, venueid, gigtitle, gigdatetime, gigstatus) VALUES (26,8,'Test title','2016-12-26 19:00','GoingAhead');
INSERT INTO ACT_GIG (actid, gigid, actgigfee, ontime, duration) VALUES(3,26,9000,'2016-12-26 19:00',80);
INSERT INTO ACT_GIG (actid, gigid, actgigfee, ontime, duration) VALUES(6,26,6000,'2016-12-26 20:30',20);
INSERT INTO ACT_GIG (actid, gigid, actgigfee, ontime, duration) VALUES(1,26,11000,'2016-12-26 20:50',60);
INSERT INTO GIG_TICKET (gigid, pricetype, price) VALUES(26,'A',40);
INSERT INTO GIG (gigid, venueid, gigtitle, gigdatetime, gigstatus) VALUES (27,1,'Test title','2016-08-10 20:00','GoingAhead');
INSERT INTO ACT_GIG (actid, gigid, actgigfee, ontime, duration) VALUES(3,27,9000,'2016-08-10 20:00',60);
INSERT INTO ACT_GIG (actid, gigid, actgigfee, ontime, duration) VALUES(4,27,5000,'2016-08-10 21:15',40);
INSERT INTO ACT_GIG (actid, gigid, actgigfee, ontime, duration) VALUES(2,27,4000,'2016-08-10 21:55',40);
INSERT INTO ACT_GIG (actid, gigid, actgigfee, ontime, duration) VALUES(5,27,11000,'2016-08-10 22:35',80);
INSERT INTO GIG_TICKET (gigid, pricetype, price) VALUES(27,'A',40);
INSERT INTO GIG (gigid, venueid, gigtitle, gigdatetime, gigstatus) VALUES (28,8,'Test title','2018-07-04 19:00','GoingAhead');
INSERT INTO ACT_GIG (actid, gigid, actgigfee, ontime, duration) VALUES(5,28,11000,'2018-07-04 19:00',50);
INSERT INTO ACT_GIG (actid, gigid, actgigfee, ontime, duration) VALUES(2,28,4000,'2018-07-04 20:00',70);
INSERT INTO GIG_TICKET (gigid, pricetype, price) VALUES(28,'A',40);
INSERT INTO GIG (gigid, venueid, gigtitle, gigdatetime, gigstatus) VALUES (29,8,'Test title','2016-09-24 20:00','GoingAhead');
INSERT INTO ACT_GIG (actid, gigid, actgigfee, ontime, duration) VALUES(1,29,11000,'2016-09-24 20:00',70);
INSERT INTO ACT_GIG (actid, gigid, actgigfee, ontime, duration) VALUES(2,29,4000,'2016-09-24 21:25',50);
INSERT INTO GIG_TICKET (gigid, pricetype, price) VALUES(29,'A',40);
INSERT INTO GIG (gigid, venueid, gigtitle, gigdatetime, gigstatus) VALUES (30,1,'Test title','2017-12-01 18:00','GoingAhead');
INSERT INTO ACT_GIG (actid, gigid, actgigfee, ontime, duration) VALUES(4,30,5000,'2017-12-01 18:00',70);
INSERT INTO GIG_TICKET (gigid, pricetype, price) VALUES(30,'A',40);
INSERT INTO GIG (gigid, venueid, gigtitle, gigdatetime, gigstatus) VALUES (31,8,'Test title','2017-07-11 18:00','GoingAhead');
INSERT INTO ACT_GIG (actid, gigid, actgigfee, ontime, duration) VALUES(5,31,11000,'2017-07-11 18:00',40);
INSERT INTO ACT_GIG (actid, gigid, actgigfee, ontime, duration) VALUES(5,31,11000,'2017-07-11 18:45',20);
INSERT INTO ACT_GIG (actid, gigid, actgigfee, ontime, duration) VALUES(4,31,5000,'2017-07-11 19:10',40);
INSERT INTO GIG_TICKET (gigid, pricetype, price) VALUES(31,'A',40);
INSERT INTO GIG (gigid, venueid, gigtitle, gigdatetime, gigstatus) VALUES (32,5,'Test title','2018-09-07 18:00','GoingAhead');
INSERT INTO ACT_GIG (actid, gigid, actgigfee, ontime, duration) VALUES(3,32,9000,'2018-09-07 18:00',70);
INSERT INTO GIG_TICKET (gigid, pricetype, price) VALUES(32,'A',40);
INSERT INTO GIG (gigid, venueid, gigtitle, gigdatetime, gigstatus) VALUES (33,6,'Test title','2020-04-26 18:00','GoingAhead');
INSERT INTO ACT_GIG (actid, gigid, actgigfee, ontime, duration) VALUES(6,33,6000,'2020-04-26 18:00',30);
INSERT INTO ACT_GIG (actid, gigid, actgigfee, ontime, duration) VALUES(1,33,11000,'2020-04-26 18:45',60);
INSERT INTO GIG_TICKET (gigid, pricetype, price) VALUES(33,'A',40);
INSERT INTO GIG (gigid, venueid, gigtitle, gigdatetime, gigstatus) VALUES (34,4,'Test title','2017-05-24 19:00','GoingAhead');
INSERT INTO ACT_GIG (actid, gigid, actgigfee, ontime, duration) VALUES(2,34,4000,'2017-05-24 19:00',50);
INSERT INTO GIG_TICKET (gigid, pricetype, price) VALUES(34,'A',40);
INSERT INTO GIG (gigid, venueid, gigtitle, gigdatetime, gigstatus) VALUES (35,7,'Test title','2019-03-13 19:00','GoingAhead');
INSERT INTO ACT_GIG (actid, gigid, actgigfee, ontime, duration) VALUES(3,35,9000,'2019-03-13 19:00',40);
INSERT INTO GIG_TICKET (gigid, pricetype, price) VALUES(35,'A',40);
INSERT INTO GIG (gigid, venueid, gigtitle, gigdatetime, gigstatus) VALUES (36,6,'Test title','2020-10-22 19:00','GoingAhead');
INSERT INTO ACT_GIG (actid, gigid, actgigfee, ontime, duration) VALUES(2,36,4000,'2020-10-22 19:00',50);
INSERT INTO ACT_GIG (actid, gigid, actgigfee, ontime, duration) VALUES(1,36,11000,'2020-10-22 20:05',80);
INSERT INTO ACT_GIG (actid, gigid, actgigfee, ontime, duration) VALUES(6,36,6000,'2020-10-22 21:35',20);
INSERT INTO GIG_TICKET (gigid, pricetype, price) VALUES(36,'A',40);
INSERT INTO GIG (gigid, venueid, gigtitle, gigdatetime, gigstatus) VALUES (37,4,'Test title','2019-09-27 18:00','GoingAhead');
INSERT INTO ACT_GIG (actid, gigid, actgigfee, ontime, duration) VALUES(5,37,11000,'2019-09-27 18:00',70);
INSERT INTO ACT_GIG (actid, gigid, actgigfee, ontime, duration) VALUES(1,37,11000,'2019-09-27 19:15',70);
INSERT INTO GIG_TICKET (gigid, pricetype, price) VALUES(37,'A',40);
INSERT INTO GIG (gigid, venueid, gigtitle, gigdatetime, gigstatus) VALUES (38,6,'Test title','2017-09-03 20:00','GoingAhead');
INSERT INTO ACT_GIG (actid, gigid, actgigfee, ontime, duration) VALUES(1,38,11000,'2017-09-03 20:00',40);
INSERT INTO GIG_TICKET (gigid, pricetype, price) VALUES(38,'A',40);
INSERT INTO GIG (gigid, venueid, gigtitle, gigdatetime, gigstatus) VALUES (39,6,'Test title','2016-04-01 20:00','GoingAhead');
INSERT INTO ACT_GIG (actid, gigid, actgigfee, ontime, duration) VALUES(3,39,9000,'2016-04-01 20:00',20);
INSERT INTO ACT_GIG (actid, gigid, actgigfee, ontime, duration) VALUES(1,39,11000,'2016-04-01 20:20',70);
INSERT INTO ACT_GIG (actid, gigid, actgigfee, ontime, duration) VALUES(2,39,4000,'2016-04-01 21:30',80);
INSERT INTO GIG_TICKET (gigid, pricetype, price) VALUES(39,'A',40);
INSERT INTO GIG (gigid, venueid, gigtitle, gigdatetime, gigstatus) VALUES (40,8,'Test title','2018-03-15 20:00','GoingAhead');
INSERT INTO ACT_GIG (actid, gigid, actgigfee, ontime, duration) VALUES(3,40,9000,'2018-03-15 20:00',40);
INSERT INTO GIG_TICKET (gigid, pricetype, price) VALUES(40,'A',40);
INSERT INTO GIG (gigid, venueid, gigtitle, gigdatetime, gigstatus) VALUES (41,6,'Test title','2020-02-23 18:00','GoingAhead');
INSERT INTO ACT_GIG (actid, gigid, actgigfee, ontime, duration) VALUES(3,41,9000,'2020-02-23 18:00',50);
INSERT INTO ACT_GIG (actid, gigid, actgigfee, ontime, duration) VALUES(5,41,11000,'2020-02-23 19:00',60);
INSERT INTO ACT_GIG (actid, gigid, actgigfee, ontime, duration) VALUES(6,41,6000,'2020-02-23 20:05',80);
INSERT INTO GIG_TICKET (gigid, pricetype, price) VALUES(41,'A',40);
INSERT INTO GIG (gigid, venueid, gigtitle, gigdatetime, gigstatus) VALUES (42,8,'Test title','2019-06-02 19:00','GoingAhead');
INSERT INTO ACT_GIG (actid, gigid, actgigfee, ontime, duration) VALUES(4,42,5000,'2019-06-02 19:00',20);
INSERT INTO ACT_GIG (actid, gigid, actgigfee, ontime, duration) VALUES(4,42,5000,'2019-06-02 19:30',40);
INSERT INTO GIG_TICKET (gigid, pricetype, price) VALUES(42,'A',40);
INSERT INTO GIG (gigid, venueid, gigtitle, gigdatetime, gigstatus) VALUES (43,2,'Test title','2020-09-02 19:00','GoingAhead');
INSERT INTO ACT_GIG (actid, gigid, actgigfee, ontime, duration) VALUES(4,43,5000,'2020-09-02 19:00',40);
INSERT INTO ACT_GIG (actid, gigid, actgigfee, ontime, duration) VALUES(2,43,4000,'2020-09-02 19:50',30);
INSERT INTO ACT_GIG (actid, gigid, actgigfee, ontime, duration) VALUES(2,43,4000,'2020-09-02 20:35',40);
INSERT INTO GIG_TICKET (gigid, pricetype, price) VALUES(43,'A',40);
INSERT INTO GIG (gigid, venueid, gigtitle, gigdatetime, gigstatus) VALUES (44,3,'Test title','2018-03-15 18:00','GoingAhead');
INSERT INTO ACT_GIG (actid, gigid, actgigfee, ontime, duration) VALUES(1,44,11000,'2018-03-15 18:00',50);
INSERT INTO ACT_GIG (actid, gigid, actgigfee, ontime, duration) VALUES(6,44,6000,'2018-03-15 19:00',20);
INSERT INTO ACT_GIG (actid, gigid, actgigfee, ontime, duration) VALUES(3,44,9000,'2018-03-15 19:20',20);
INSERT INTO ACT_GIG (actid, gigid, actgigfee, ontime, duration) VALUES(6,44,6000,'2018-03-15 19:50',50);
INSERT INTO ACT_GIG (actid, gigid, actgigfee, ontime, duration) VALUES(5,44,11000,'2018-03-15 20:40',50);
INSERT INTO GIG_TICKET (gigid, pricetype, price) VALUES(44,'A',40);
INSERT INTO GIG (gigid, venueid, gigtitle, gigdatetime, gigstatus) VALUES (45,8,'Test title','2018-08-02 19:00','GoingAhead');
INSERT INTO ACT_GIG (actid, gigid, actgigfee, ontime, duration) VALUES(2,45,4000,'2018-08-02 19:00',40);
INSERT INTO ACT_GIG (actid, gigid, actgigfee, ontime, duration) VALUES(3,45,9000,'2018-08-02 19:50',80);
INSERT INTO ACT_GIG (actid, gigid, actgigfee, ontime, duration) VALUES(2,45,4000,'2018-08-02 21:20',70);
INSERT INTO GIG_TICKET (gigid, pricetype, price) VALUES(45,'A',40);
INSERT INTO GIG (gigid, venueid, gigtitle, gigdatetime, gigstatus) VALUES (46,7,'Test title','2019-05-13 19:00','GoingAhead');
INSERT INTO ACT_GIG (actid, gigid, actgigfee, ontime, duration) VALUES(4,46,5000,'2019-05-13 19:00',30);
INSERT INTO ACT_GIG (actid, gigid, actgigfee, ontime, duration) VALUES(4,46,5000,'2019-05-13 19:40',70);
INSERT INTO ACT_GIG (actid, gigid, actgigfee, ontime, duration) VALUES(5,46,11000,'2019-05-13 21:00',80);
INSERT INTO GIG_TICKET (gigid, pricetype, price) VALUES(46,'A',40);
INSERT INTO GIG (gigid, venueid, gigtitle, gigdatetime, gigstatus) VALUES (47,4,'Test title','2017-03-21 20:00','GoingAhead');
INSERT INTO ACT_GIG (actid, gigid, actgigfee, ontime, duration) VALUES(1,47,11000,'2017-03-21 20:00',60);
INSERT INTO GIG_TICKET (gigid, pricetype, price) VALUES(47,'A',40);
INSERT INTO GIG (gigid, venueid, gigtitle, gigdatetime, gigstatus) VALUES (48,4,'Test title','2018-07-16 19:00','GoingAhead');
INSERT INTO ACT_GIG (actid, gigid, actgigfee, ontime, duration) VALUES(2,48,4000,'2018-07-16 19:00',30);
INSERT INTO ACT_GIG (actid, gigid, actgigfee, ontime, duration) VALUES(4,48,5000,'2018-07-16 19:35',70);
INSERT INTO GIG_TICKET (gigid, pricetype, price) VALUES(48,'A',40);
INSERT INTO GIG (gigid, venueid, gigtitle, gigdatetime, gigstatus) VALUES (49,2,'Test title','2020-10-07 20:00','GoingAhead');
INSERT INTO ACT_GIG (actid, gigid, actgigfee, ontime, duration) VALUES(6,49,6000,'2020-10-07 20:00',50);
INSERT INTO ACT_GIG (actid, gigid, actgigfee, ontime, duration) VALUES(2,49,4000,'2020-10-07 20:50',20);
INSERT INTO ACT_GIG (actid, gigid, actgigfee, ontime, duration) VALUES(3,49,9000,'2020-10-07 21:10',20);
INSERT INTO ACT_GIG (actid, gigid, actgigfee, ontime, duration) VALUES(2,49,4000,'2020-10-07 21:30',50);
INSERT INTO ACT_GIG (actid, gigid, actgigfee, ontime, duration) VALUES(1,49,11000,'2020-10-07 22:20',20);
INSERT INTO ACT_GIG (actid, gigid, actgigfee, ontime, duration) VALUES(6,49,6000,'2020-10-07 22:55',50);
INSERT INTO GIG_TICKET (gigid, pricetype, price) VALUES(49,'A',40);
INSERT INTO GIG (gigid, venueid, gigtitle, gigdatetime, gigstatus) VALUES (50,5,'Test title','2018-04-10 19:00','GoingAhead');
INSERT INTO ACT_GIG (actid, gigid, actgigfee, ontime, duration) VALUES(3,50,9000,'2018-04-10 19:00',50);
INSERT INTO ACT_GIG (actid, gigid, actgigfee, ontime, duration) VALUES(2,50,4000,'2018-04-10 19:55',80);
INSERT INTO ACT_GIG (actid, gigid, actgigfee, ontime, duration) VALUES(2,50,4000,'2018-04-10 21:20',50);
INSERT INTO GIG_TICKET (gigid, pricetype, price) VALUES(50,'A',40);
INSERT INTO TICKET (ticketid,gigid,CustomerName,CustomerEmail,pricetype,cost) VALUES (DEFAULT,34,'c2 c2','2cc','A',40);
INSERT INTO TICKET (ticketid,gigid,CustomerName,CustomerEmail,pricetype,cost) VALUES (DEFAULT,31,'d3 d3','3dd','A',40);
INSERT INTO TICKET (ticketid,gigid,CustomerName,CustomerEmail,pricetype,cost) VALUES (DEFAULT,7,'e4 e4','4ee','A',40);
INSERT INTO TICKET (ticketid,gigid,CustomerName,CustomerEmail,pricetype,cost) VALUES (DEFAULT,31,'j9 j9','9jj','A',40);
INSERT INTO TICKET (ticketid,gigid,CustomerName,CustomerEmail,pricetype,cost) VALUES (DEFAULT,2,'e4 e4','4ee','A',40);
INSERT INTO TICKET (ticketid,gigid,CustomerName,CustomerEmail,pricetype,cost) VALUES (DEFAULT,6,'a0 a0','0aa','A',40);
INSERT INTO TICKET (ticketid,gigid,CustomerName,CustomerEmail,pricetype,cost) VALUES (DEFAULT,18,'h7 h7','7hh','A',40);
INSERT INTO TICKET (ticketid,gigid,CustomerName,CustomerEmail,pricetype,cost) VALUES (DEFAULT,11,'j9 j9','9jj','A',40);
INSERT INTO TICKET (ticketid,gigid,CustomerName,CustomerEmail,pricetype,cost) VALUES (DEFAULT,10,'h7 h7','7hh','A',40);
INSERT INTO TICKET (ticketid,gigid,CustomerName,CustomerEmail,pricetype,cost) VALUES (DEFAULT,37,'f5 f5','5ff','A',40);
INSERT INTO TICKET (ticketid,gigid,CustomerName,CustomerEmail,pricetype,cost) VALUES (DEFAULT,17,'j9 j9','9jj','A',40);
INSERT INTO TICKET (ticketid,gigid,CustomerName,CustomerEmail,pricetype,cost) VALUES (DEFAULT,2,'a0 a0','0aa','A',40);
INSERT INTO TICKET (ticketid,gigid,CustomerName,CustomerEmail,pricetype,cost) VALUES (DEFAULT,50,'j9 j9','9jj','A',40);
INSERT INTO TICKET (ticketid,gigid,CustomerName,CustomerEmail,pricetype,cost) VALUES (DEFAULT,20,'a0 a0','0aa','A',40);
INSERT INTO TICKET (ticketid,gigid,CustomerName,CustomerEmail,pricetype,cost) VALUES (DEFAULT,17,'i8 i8','8ii','A',40);
INSERT INTO TICKET (ticketid,gigid,CustomerName,CustomerEmail,pricetype,cost) VALUES (DEFAULT,33,'c2 c2','2cc','A',40);
INSERT INTO TICKET (ticketid,gigid,CustomerName,CustomerEmail,pricetype,cost) VALUES (DEFAULT,25,'d3 d3','3dd','A',40);
INSERT INTO TICKET (ticketid,gigid,CustomerName,CustomerEmail,pricetype,cost) VALUES (DEFAULT,33,'h7 h7','7hh','A',40);
INSERT INTO TICKET (ticketid,gigid,CustomerName,CustomerEmail,pricetype,cost) VALUES (DEFAULT,47,'a0 a0','0aa','A',40);
INSERT INTO TICKET (ticketid,gigid,CustomerName,CustomerEmail,pricetype,cost) VALUES (DEFAULT,22,'f5 f5','5ff','A',40);
INSERT INTO TICKET (ticketid,gigid,CustomerName,CustomerEmail,pricetype,cost) VALUES (DEFAULT,7,'j9 j9','9jj','A',40);
INSERT INTO TICKET (ticketid,gigid,CustomerName,CustomerEmail,pricetype,cost) VALUES (DEFAULT,21,'b1 b1','1bb','A',40);
INSERT INTO TICKET (ticketid,gigid,CustomerName,CustomerEmail,pricetype,cost) VALUES (DEFAULT,3,'b1 b1','1bb','A',40);
INSERT INTO TICKET (ticketid,gigid,CustomerName,CustomerEmail,pricetype,cost) VALUES (DEFAULT,4,'g6 g6','6gg','A',40);
INSERT INTO TICKET (ticketid,gigid,CustomerName,CustomerEmail,pricetype,cost) VALUES (DEFAULT,42,'a0 a0','0aa','A',40);
INSERT INTO TICKET (ticketid,gigid,CustomerName,CustomerEmail,pricetype,cost) VALUES (DEFAULT,15,'d3 d3','3dd','A',40);
INSERT INTO TICKET (ticketid,gigid,CustomerName,CustomerEmail,pricetype,cost) VALUES (DEFAULT,6,'g6 g6','6gg','A',40);
INSERT INTO TICKET (ticketid,gigid,CustomerName,CustomerEmail,pricetype,cost) VALUES (DEFAULT,16,'c2 c2','2cc','A',40);
INSERT INTO TICKET (ticketid,gigid,CustomerName,CustomerEmail,pricetype,cost) VALUES (DEFAULT,15,'g6 g6','6gg','A',40);
INSERT INTO TICKET (ticketid,gigid,CustomerName,CustomerEmail,pricetype,cost) VALUES (DEFAULT,4,'h7 h7','7hh','A',40);
INSERT INTO TICKET (ticketid,gigid,CustomerName,CustomerEmail,pricetype,cost) VALUES (DEFAULT,4,'b1 b1','1bb','A',40);
INSERT INTO TICKET (ticketid,gigid,CustomerName,CustomerEmail,pricetype,cost) VALUES (DEFAULT,22,'f5 f5','5ff','A',40);
INSERT INTO TICKET (ticketid,gigid,CustomerName,CustomerEmail,pricetype,cost) VALUES (DEFAULT,22,'f5 f5','5ff','A',40);
INSERT INTO TICKET (ticketid,gigid,CustomerName,CustomerEmail,pricetype,cost) VALUES (DEFAULT,22,'i8 i8','8ii','A',40);
INSERT INTO TICKET (ticketid,gigid,CustomerName,CustomerEmail,pricetype,cost) VALUES (DEFAULT,49,'h7 h7','7hh','A',40);
INSERT INTO TICKET (ticketid,gigid,CustomerName,CustomerEmail,pricetype,cost) VALUES (DEFAULT,10,'a0 a0','0aa','A',40);
INSERT INTO TICKET (ticketid,gigid,CustomerName,CustomerEmail,pricetype,cost) VALUES (DEFAULT,49,'j9 j9','9jj','A',40);
INSERT INTO TICKET (ticketid,gigid,CustomerName,CustomerEmail,pricetype,cost) VALUES (DEFAULT,1,'b1 b1','1bb','A',40);
INSERT INTO TICKET (ticketid,gigid,CustomerName,CustomerEmail,pricetype,cost) VALUES (DEFAULT,12,'b1 b1','1bb','A',40);
INSERT INTO TICKET (ticketid,gigid,CustomerName,CustomerEmail,pricetype,cost) VALUES (DEFAULT,23,'a0 a0','0aa','A',40);
